ID_TYPE_PRESTATION;CODE_TYPE_PRESTATION;LIB_TYPE_PRESTATION;CODE_CATEGORIE;LIB_CATEGORIE;
???;???;INCONNU;???;INCONNU;
CDE AC1;AC1;RH Santé sécurité       ;CDE;Commande;
CDE ACS;ACS;RH Accompagnement Social;CDE;Commande;
CDE ADM;ADM;Cdes Service M-Généraux ;CDE;Commande;
CDE ANN;ANN;Annonce et insertions   ;CDE;Commande;
CDE ANR;ANR;ANRU et PMR             ;CDE;Commande;
CDE ARC;ARC;MGEN Archives           ;CDE;Commande;
CDE AS7;AS7;GRD-Ascenseurs          ;CDE;Commande;
CDE AS8;AS8;G-Ascenceurs            ;CDE;Commande;
CDE AS9;AS9;9-Ascenseurs            ;CDE;Commande;
CDE ASC;ASC;*Ascenceurs             ;CDE;Commande;
CDE ASS;ASS;Assurances              ;CDE;Commande;
CDE BCS;BCS;RH Budget Ctrl Sociale  ;CDE;Commande;
CDE CAT;CAT;CDE CATALOGUE ET IMPRESS;CDE;Commande;
CDE CEL;CEL;RH : Contrôle Electrique;CDE;Commande;
CDE CES;CES;Dir Engt Sociétal Innov ;CDE;Commande;
CDE CEX;CEX;Cde Opération Except    ;CDE;Commande;
CDE CH7;CH7;GRD-Chauff COLL/IND     ;CDE;Commande;
CDE CH8;CH8;G-Chauffage COLL/IND    ;CDE;Commande;
CDE CH9;CH9;9-Chauffage COLL/IND    ;CDE;Commande;
CDE CHA;CHA;TRAVAUX HANDYCAP PMR    ;CDE;Commande;
CDE CI9;CI9;*9-Cdes Investissement  ;CDE;Commande;
CDE CIV;CIV;DMO: Cd Invest sans WF  ;CDE;Commande;
CDE CM1;CM1;Bureau Controle Compos  ;CDE;Commande;
CDE CMA;CMA;Commande sur Marché     ;CDE;Commande;
CDE CMP;CMP;Composant               ;CDE;Commande;
CDE CO1;CO1;Cde Communication       ;CDE;Commande;
CDE COM;COM;INTERDIT 2006 Cde Compo ;CDE;Commande;
CDE COP;COP;Copropriété             ;CDE;Commande;
CDE COT;COT;MGEN Cotisation/Redevanc;CDE;Commande;
CDE COU;COU;MGEN Coursiers          ;CDE;Commande;
CDE CRT;CRT;GRD- Chartes Qualités   ;CDE;Commande;
CDE CTF;CTF;Cde Taxe Fonciere       ;CDE;Commande;
CDE CTX;CTX;CONTENTIEUX             ;CDE;Commande;
CDE CX1;CX1;Contentieux Locataire   ;CDE;Commande;
CDE CX2;CX2;Cde Expulsion (Déménagt);CDE;Commande;
CDE DA1;DA1;DAM aménagement Concess ;CDE;Commande;
CDE DAC;DAC;Direction des achats    ;CDE;Commande;
CDE DAM;DAM;DAM : cde investissement;CDE;Commande;
CDE DCA;DCA;Conformité et Audit     ;CDE;Commande;
CDE DCH;DCH;DSI Frais engagé/charges;CDE;Commande;
CDE DCL;DCL;Direction Clientèle     ;CDE;Commande;
CDE DD1;DD1;Cde Direction Déléguée  ;CDE;Commande;
CDE DDO;DDO;Direction des données   ;CDE;Commande;
CDE DE1;DE1;Missions et Réceptions  ;CDE;Commande;
CDE DEM;DEM;DEMOLITION              ;CDE;Commande;
CDE DES;DES;MGEN Déménagement DD/SIE;CDE;Commande;
CDE DF1;DF1;Direction Financière    ;CDE;Commande;
CDE DFI;DFI;DFIN : Cde Honoraires   ;CDE;Commande;
CDE DG1;DG1;DGE Frais de réception  ;CDE;Commande;
CDE DGE;DGE;Dégats des eaux         ;CDE;Commande;
CDE DGI;DGI;Dir Investis Immobilier ;CDE;Commande;
CDE DGN;DGN;Direction Générale      ;CDE;Commande;
CDE DI1;DI1;DP : cde d'investiss.   ;CDE;Commande;
CDE DI2;DI2;DP cdes Concess-trésor  ;CDE;Commande;
CDE DI3;DI3;DP: Cde Honoraire       ;CDE;Commande;
CDE DI4;DI4;DP : Cde fonctionnement ;CDE;Commande;
CDE DIA;DIA;Commande Avant Vente    ;CDE;Commande;
CDE DIC;DIC;DP : Cde Copro Synd     ;CDE;Commande;
CDE DIN;DIN;DSI Frais engagé/invest.;CDE;Commande;
CDE DIV;DIV;DMO : cde d'investiss.  ;CDE;Commande;
CDE DJU;DJU;Direction Juridique     ;CDE;Commande;
CDE DM1;DM1;DMO Cdes Concess-Trésor ;CDE;Commande;
CDE DM2;DM2;DMO Cde Frais APL       ;CDE;Commande;
CDE DM3;DM3;DMO Amenagement SIEG DD ;CDE;Commande;
CDE DM4;DM4;DAM/DVLP Cde Honoraires ;CDE;Commande;
CDE DM5;DM5;DGPRO : Cde Honoraire   ;CDE;Commande;
CDE DM6;DM6;Cde Dévelop foncier Inv ;CDE;Commande;
CDE DMO;DMO;DMO: Cde investissement ;CDE;Commande;
CDE DO1;DO1;Dommage Ouvrage         ;CDE;Commande;
CDE DPT;DPT;Direction Patrimoine    ;CDE;Commande;
CDE DSI;DSI;Cde DSI                 ;CDE;Commande;
CDE DT1;DT1;DTPI : Frais annexes POT;CDE;Commande;
CDE DT2;DT2;DTPI : Frais Ponctuels  ;CDE;Commande;
CDE DTO;DTO;Dir Transfo et Org      ;CDE;Commande;
CDE E01;E01;Annonces                ;CDE;Commande;
CDE E02;E02;Chauffage               ;CDE;Commande;
CDE E03;E03;Copro et ASL            ;CDE;Commande;
CDE E04;E04;Assurances              ;CDE;Commande;
CDE E05;E05;EC patrimoine           ;CDE;Commande;
CDE E06;E06;Espaces verts           ;CDE;Commande;
CDE E07;E07;Frais d'actes           ;CDE;Commande;
CDE E08;E08;Gros entretien          ;CDE;Commande;
CDE E09;E09;Honoraires              ;CDE;Commande;
CDE E10;E10;Hygiène et Securité     ;CDE;Commande;
CDE E11;E11;Locations parkings      ;CDE;Commande;
CDE E12;E12;Nettoyage entr. commun  ;CDE;Commande;
CDE E13;E13;Sinistres               ;CDE;Commande;
CDE E14;E14;Dommage ouvrage         ;CDE;Commande;
CDE E15;E15;EC pour Vente           ;CDE;Commande;
CDE ECG;ECG;Gardien Entretien Couran;CDE;Commande;
CDE EDT;EDT;RH Equipement de travail;CDE;Commande;
CDE EN1;EN1;MGEN Entretien loc Admin;CDE;Commande;
CDE EN2;EN2;Bureau controle GE      ;CDE;Commande;
CDE ENC;ENC;Entretien courant       ;CDE;Commande;
CDE ENP;ENP;Entretien courant PP    ;CDE;Commande;
CDE ENT;ENT;Gros Entretien          ;CDE;Commande;
CDE EP9;EP9;9-Espace d'acceuil&PIM  ;CDE;Commande;
CDE EPA;EPA;* Esp d'accueil et PIM  ;CDE;Commande;
CDE ES7;ES7;GRD-espaces verts       ;CDE;Commande;
CDE ES8;ES8;G-Espaces Verts         ;CDE;Commande;
CDE ES9;ES9;9-Espaces verts         ;CDE;Commande;
CDE ESV;ESV;* Espaces verts         ;CDE;Commande;
CDE EXP;EXP;Commande d'Entretien    ;CDE;Commande;
CDE F01;F01;Informatique            ;CDE;Commande;
CDE F02;F02;Affranchissement        ;CDE;Commande;
CDE F03;F03;Annonces                ;CDE;Commande;
CDE F04;F04;Assurances              ;CDE;Commande;
CDE F05;F05;Cadeaux                 ;CDE;Commande;
CDE F06;F06;Catalogues et imprimés  ;CDE;Commande;
CDE F07;F07;Sous traitance          ;CDE;Commande;
CDE F09;F09;Cotisations             ;CDE;Commande;
CDE F10;F10;Déménagement            ;CDE;Commande;
CDE F11;F11;DMR                     ;CDE;Commande;
CDE F12;F12;Documentations          ;CDE;Commande;
CDE F13;F13;Dons Mécénat            ;CDE;Commande;
CDE F14;F14;Charges loc siège social;CDE;Commande;
CDE F16;F16;Formation               ;CDE;Commande;
CDE F17;F17;Fournitures équipement  ;CDE;Commande;
CDE F18;F18;Frais d'actes           ;CDE;Commande;
CDE F20;F20;Honoraires              ;CDE;Commande;
CDE F21;F21;Installations Agencement;CDE;Commande;
CDE F22;F22;Intérim                 ;CDE;Commande;
CDE F24;F24;Materiel Bureau         ;CDE;Commande;
CDE F26;F26;Materiel et Outillage   ;CDE;Commande;
CDE F27;F27;Mobilier                ;CDE;Commande;
CDE F28;F28;Véhicule                ;CDE;Commande;
CDE F29;F29;RH                      ;CDE;Commande;
CDE F31;F31;Télécommunication       ;CDE;Commande;
CDE F33;F33;Droits d'Enregistrement ;CDE;Commande;
CDE F34;F34;Autres Impôts et Taxes  ;CDE;Commande;
CDE FCT;FCT;Fonctionnement          ;CDE;Commande;
CDE FDM;FDM;Frais de déménagement   ;CDE;Commande;
CDE FNB;FNB;Fournitures Bureau      ;CDE;Commande;
CDE FNI;FNI;Fournitures Informatique;CDE;Commande;
CDE FO9;FO9;9-Fournitures           ;CDE;Commande;
CDE FOR;FOR;RH Formation            ;CDE;Commande;
CDE FOU;FOU;CDE FOURNITURES         ;CDE;Commande;
CDE FR1;FR1;GRD Fournitures Immeuble;CDE;Commande;
CDE FR2;FR2;Invest : Autres frais   ;CDE;Commande;
CDE FRA;FRA;Fournitures Administrat ;CDE;Commande;
CDE FRE;FRE;RH Recrutement          ;CDE;Commande;
CDE FRN;FRN;Fournitures Immeubles   ;CDE;Commande;
CDE GAG;GAG;Visites / EDL           ;CDE;Commande;
CDE GE ;GE ;Commande GE non provisio;CDE;Commande;
CDE GE9;GE9;9-Commande GE/GR        ;CDE;Commande;
CDE GER;GER;Commande GE/GR          ;CDE;Commande;
CDE GPR;GPR;DGPRO :Commande Invest  ;CDE;Commande;
CDE GSI;GSI;Gros Sinistre           ;CDE;Commande;
CDE GSP;GSP;Gros Sinistre Pot       ;CDE;Commande;
CDE HO1;HO1;DMO/DVLP HONORAIRES     ;CDE;Commande;
CDE HO2;HO2;Cde Dévelop foncier hon ;CDE;Commande;
CDE HO3;HO3;Honoraires Exploitation ;CDE;Commande;
CDE HO9;HO9;9-Honoraires            ;CDE;Commande;
CDE HON;HON;Honoraires fonctionnemt ;CDE;Commande;
CDE HY7;HY7;GRD-Hygiène             ;CDE;Commande;
CDE HY8;HY8;G-Hygiène               ;CDE;Commande;
CDE HY9;HY9;9-Hygiène               ;CDE;Commande;
CDE HYG;HYG;* Hygiène et sécurité   ;CDE;Commande;
CDE I01;I01;Divers GOP              ;CDE;Commande;
CDE I02;I02;Reprise divers GOP      ;CDE;Commande;
CDE I04;I04;Honoraires              ;CDE;Commande;
CDE I05;I05;Reprise Honoraires      ;CDE;Commande;
CDE I10;I10;Renouvt Comp.Structure  ;CDE;Commande;
CDE I11;I11;Renouvt comp.Menuis.Ext ;CDE;Commande;
CDE I12;I12;Renouvt comp.Chauf.Ind  ;CDE;Commande;
CDE I13;I13;Renouvt comp.Etanchéité ;CDE;Commande;
CDE I14;I14;Renouvt Comp.Raval.Amél ;CDE;Commande;
CDE I15;I15;Renouvt Comp.Ascenseurs ;CDE;Commande;
CDE IFO;IFO;INFORMATIQUE EXPLOIT    ;CDE;Commande;
CDE IFR;IFR;Cde immo composant      ;CDE;Commande;
CDE IMP;IMP;Impôts et Taxes         ;CDE;Commande;
CDE IN1;IN1;SRC Intérim             ;CDE;Commande;
CDE INC;INC;SIN INCEND BATI ATTEINT ;CDE;Commande;
CDE INF;INF;SIN INCEND BATI NON ATTE;CDE;Commande;
CDE INT;INT;RH Interim              ;CDE;Commande;
CDE INV;INV;Commande Investissement ;CDE;Commande;
CDE IVT;IVT;Investissement          ;CDE;Commande;
CDE LAS;LAS;INTERDIT LAS 19;6;CDE;Commande
CDE LCM;LCM;Location Mobilière      ;CDE;Commande;
CDE LMO;LMO;* Location              ;CDE;Commande;
CDE LO7;LO7;GRD - Location          ;CDE;Commande;
CDE LO8;LO8;G-Location              ;CDE;Commande;
CDE LO9;LO9;9-Location              ;CDE;Commande;
CDE MAI;MAI;CDE MAINTENANCE INFO    ;CDE;Commande;
CDE MAT;MAT;CDE MAT ET LOG INFORMAT ;CDE;Commande;
CDE MDT;MDT;RH Médecine du travail  ;CDE;Commande;
CDE OPE;OPE;Opération de relogement ;CDE;Commande;
CDE PC7;PC7;GRD-PC intérieures      ;CDE;Commande;
CDE PC8;PC8;G-PC intérieures        ;CDE;Commande;
CDE PC9;PC9;9-PC intérieures        ;CDE;Commande;
CDE PCE;PCE;* PC intérieures        ;CDE;Commande;
CDE PE7;PE7;GRD-PC extérieures      ;CDE;Commande;
CDE PE8;PE8;G-PC extérieures        ;CDE;Commande;
CDE PE9;PE9;9-PC extérieures        ;CDE;Commande;
CDE PEE;PEE;PERSONNEL EXTERIEUR     ;CDE;Commande;
CDE PEX;PEX;* PC Extérieures        ;CDE;Commande;
CDE PGE;PGE;GROS ENTRETIEN PROVISION;CDE;Commande;
CDE PK7;PK7;GRD - Parking           ;CDE;Commande;
CDE PK8;PK8;G-Parking               ;CDE;Commande;
CDE PK9;PK9;9-Parking               ;CDE;Commande;
CDE PKG;PKG;* Parking               ;CDE;Commande;
CDE PMR;PMR;Cdes Service PMR        ;CDE;Commande;
CDE POS;POS;CDE FRAIS POSTAUX       ;CDE;Commande;
CDE PP7;PP7;GRD - Ent.logement      ;CDE;Commande;
CDE PP8;PP8;G-Ent.logement          ;CDE;Commande;
CDE PP9;PP9;9-Ent.logement          ;CDE;Commande;
CDE PPR;PPR;Pubs;Relations publiques;CDE;Commande
CDE PPV;PPV;* Entretien Logement    ;CDE;Commande;
CDE PRI;PRI;PROJET INFORMATIQUE     ;CDE;Commande;
CDE PRO;PRO;PROJET HORS DEMOL       ;CDE;Commande;
CDE PSI;PSI;Petit Sinistre          ;CDE;Commande;
CDE PUB;PUB;Publicité; publications ;CDE;Commande
CDE QCI;QCI;Qualité Contrôle interne;CDE;Commande;
CDE RE7;RE7;GRD- REL                ;CDE;Commande;
CDE RE8;RE8;G-REL                   ;CDE;Commande;
CDE RE9;RE9;9-REL                   ;CDE;Commande;
CDE REC;REC;Missions et Réceptions  ;CDE;Commande;
CDE RED;RED;cde non convent tva 5;5%;CDE;Commande
CDE REL;REL;Remise en état logements;CDE;Commande;
CDE REP;REP;MGEN ent/répar Véhicule ;CDE;Commande;
CDE RES;RES;RH Restaurant Entreprise;CDE;Commande;
CDE REV;REV;REL pour vente          ;CDE;Commande;
CDE RG9;RG9;9-Personnel EXT TVA 20  ;CDE;Commande;
CDE RGA;RGA;Remplacement gardien    ;CDE;Commande;
CDE RGD;RGD;* Personnel EXT TVA 20% ;CDE;Commande;
CDE RNR;RNR;9-Décis Gestion CL/R=NR ;CDE;Commande;
CDE RSE;RSE;Direction RSE           ;CDE;Commande;
CDE S17;S17;GRD - Sinistre D.Immo   ;CDE;Commande;
CDE S18;S18;G-Sinistre D.Régionale  ;CDE;Commande;
CDE S19;S19;9-Sinistre D.Régionale  ;CDE;Commande;
CDE S29;S29;9-Sinistre S.Assurance  ;CDE;Commande;
CDE S39;S39;9-Sinistre S.Assu 2019  ;CDE;Commande;
CDE S99;S99;*9-Sinistre non déclaré ;CDE;Commande;
CDE SAM;SAM;SAM : Cde Investissement;CDE;Commande;
CDE SE7;SE7;GRD - Sécurité          ;CDE;Commande;
CDE SE8;SE8;G-Sécurité              ;CDE;Commande;
CDE SE9;SE9;9-Sécurité              ;CDE;Commande;
CDE SEC;SEC;* Securité              ;CDE;Commande;
CDE SER;SER;CDE PRESTATION SERVICE  ;CDE;Commande;
CDE SI1;SI1;Sinistres               ;CDE;Commande;
CDE SI2;SI2;* Sinistre non Déclaré  ;CDE;Commande;
CDE SI3;SI3;*9-Sinistre DR: Régul   ;CDE;Commande;
CDE SI9;SI9;*9-Sinistre déclaré     ;CDE;Commande;
CDE SIE;SIE;*Siege                  ;CDE;Commande;
CDE SIN;SIN;Sinitres                ;CDE;Commande;
CDE ST1;ST1;Stock acquisition       ;CDE;Commande;
CDE STK;STK;Stock construction neuve;CDE;Commande;
CDE SYN;SYN;Syndics                 ;CDE;Commande;
CDE TR1;TR1;Transports de biens     ;CDE;Commande;
CDE TV5;TV5;INTERDIT CDE  TVA 5;5%;CDE;Commande
CDE TVA;TVA;Commande avec tva 19;6%;CDE;Commande
CDE VA1;VA1;Vandalisme > Franchise  ;CDE;Commande;
CDE VA7;VA7;GRD - Vandalisme        ;CDE;Commande;
CDE VA8;VA8;G-Vandalisme            ;CDE;Commande;
CDE VA9;VA9;9-Vandalisme            ;CDE;Commande;
CDE VAD;VAD;*Vandalisme (test jmj)  ;CDE;Commande;
CDE VAN;VAN;Vandalisme< Franchise   ;CDE;Commande;
CDE VT1;VT1;Ventes aux particuliers ;CDE;Commande;
CDE VT2;VT2;Autres Ventes Frais     ;CDE;Commande;
CDE VTE;VTE;Ventes en Bloc          ;CDE;Commande;
CNT ABO;ABO;Abonnement Informatique ;CNT;Contrat;
CNT ANN;ANN;Annonces                ;CNT;Contrat;
CNT API;API;Appareils individuels   ;CNT;Contrat;
CNT ASC;ASC;Ascenseur               ;CNT;Contrat;
CNT BAC;BAC;Bac roulant             ;CNT;Contrat;
CNT BAI;BAI;Bail                    ;CNT;Contrat;
CNT CAC;CAC;Controle d'acces        ;CNT;Contrat;
CNT CAL;CAL;Locat compteur Calorique;CNT;Contrat;
CNT CCF;CCF;Locat compteur Eau CH/FR;CNT;Contrat;
CNT CEC;CEC;Locat compteur Eau Chaud;CNT;Contrat;
CNT CEF;CEF;Locat compteur Eau Froid;CNT;Contrat;
CNT CH1;CH1;Chauffage individuel    ;CNT;Contrat;
CNT CH2;CH2;Chauffage collectif     ;CNT;Contrat;
CNT CH3;CH3;Chauffage urbain        ;CNT;Contrat;
CNT CHI;CHI;Chaud. Indiv/Chauf bain ;CNT;Contrat;
CNT CLI;CLI;Climatisation           ;CNT;Contrat;
CNT COU;COU;Entretien toiture terras;CNT;Contrat;
CNT CPA;CPA;Compteur Télesurv asc   ;CNT;Contrat;
CNT CPC;CPC;Compteur conso. Calories;CNT;Contrat;
CNT CPD;CPD;Compteur conso.Divers   ;CNT;Contrat;
CNT CPE;CPE;Compteur conso. E.D.F.  ;CNT;Contrat;
CNT CPF;CPF;Compteur conso. Fuel    ;CNT;Contrat;
CNT CPG;CPG;Compteur conso. Gaz     ;CNT;Contrat;
CNT CPH;CPH;Abonnement GAZ EDF      ;CNT;Contrat;
CNT CPO;CPO;Compteur conso. Eau     ;CNT;Contrat;
CNT CPP;CPP;Compteur copropriété    ;CNT;Contrat;
CNT CPS;CPS;EDF-GDF SIEGE           ;CNT;Contrat;
CNT CPT;CPT;Compteur Téléphonie EDI ;CNT;Contrat;
CNT CPU;CPU;Conso. chauffage urbain ;CNT;Contrat;
CNT CT1;CT1;Contrôle réglementaire  ;CNT;Contrat;
CNT CT2;CT2;Controle chaufferie     ;CNT;Contrat;
CNT CT3;CT3;Controle electrique     ;CNT;Contrat;
CNT CT4;CT4;Controle gaz            ;CNT;Contrat;
CNT CT5;CT5;Controle inst. classee  ;CNT;Contrat;
CNT CT6;CT6;Controle I.G.H.         ;CNT;Contrat;
CNT CT7;CT7;Controle securite incend;CNT;Contrat;
CNT CT8;CT8;Autres Sécurités        ;CNT;Contrat;
CNT CTE;CTE;Téléphone telesurveillan;CNT;Contrat;
CNT CTF;CTF;Téléphone Siege         ;CNT;Contrat;
CNT CTG;CTG;Telephone loge          ;CNT;Contrat;
CNT CUR;CUR;Curage.Réseaux          ;CNT;Contrat;
CNT DES;DES;Desenfumage             ;CNT;Contrat;
CNT DIN;DIN;Désinfection vide ordure;CNT;Contrat;
CNT DIS;DIS;Disconnec./Surpresseur  ;CNT;Contrat;
CNT DVO;DVO;Désinfection Vide Ordure;CNT;Contrat;
CNT ECS;ECS;Production ECS          ;CNT;Contrat;
CNT EDF;EDF;Compteur ELECT EDI      ;CNT;Contrat;
CNT EDG;EDG;Compteur GAZ EDI        ;CNT;Contrat;
CNT EDV;EDV;Compteur EAU EDI        ;CNT;Contrat;
CNT ENT;ENT;Contrat Entretien PC    ;CNT;Contrat;
CNT EQS;EQS;Equipements de securite ;CNT;Contrat;
CNT ES1;ES1;Espaces verts           ;CNT;Contrat;
CNT ES2;ES2;Entretien jeux          ;CNT;Contrat;
CNT ES3;ES3;Entretien bac a sable   ;CNT;Contrat;
CNT ES4;ES4;Entretien eclairage ext.;CNT;Contrat;
CNT ES5;ES5;Nettoyage exterieur     ;CNT;Contrat;
CNT FAM;FAM;Fournitures ampoules    ;CNT;Contrat;
CNT FLO;FLO;Flotte Mobile           ;CNT;Contrat;
CNT FOU;FOU;Fournitures             ;CNT;Contrat;
CNT FPO;FPO;Frais postaux           ;CNT;Contrat;
CNT GIM;GIM;GIMO                    ;CNT;Contrat;
CNT HO1;HO1;Honoraires syndics      ;CNT;Contrat;
CNT HO2;HO2;Honor.assist.technique  ;CNT;Contrat;
CNT HO3;HO3;Honoraires Astreinte    ;CNT;Contrat;
CNT HO4;HO4;Honoraires Communication;CNT;Contrat;
CNT HO5;HO5;Hono Dir Financière     ;CNT;Contrat;
CNT HYG;HYG;Hygiene 3D              ;CNT;Contrat;
CNT INT;INT;Interphonie             ;CNT;Contrat;
CNT LAC;LAC;Ascenseurs              ;CNT;Contrat;
CNT LAI;LAI;Assurances immeubles    ;CNT;Contrat;
CNT LAJ;LAJ;Autres assurances       ;CNT;Contrat;
CNT LAU;LAU;Eau                     ;CNT;Contrat;
CNT LCC;LCC;Loc. compteur eau       ;CNT;Contrat;
CNT LCF;LCF;Chaufferie              ;CNT;Contrat;
CNT LCH;LCH;Entretien Chaudière     ;CNT;Contrat;
CNT LCO;LCO;Charges de Copropriété  ;CNT;Contrat;
CNT LDD;LDD;Désinsectisation        ;CNT;Contrat;
CNT LDR;LDR;Dératisation            ;CNT;Contrat;
CNT LEE;LEE;Electricité             ;CNT;Contrat;
CNT LEV;LEV;Entretien espaces verts ;CNT;Contrat;
CNT LGA;LGA;Gaz                     ;CNT;Contrat;
CNT LGE;LGE;Ent. extincteur incendie;CNT;Contrat;
CNT LIN;LIN;Interphonie             ;CNT;Contrat;
CNT LNC;LNC;Nettoyage entr. communs ;CNT;Contrat;
CNT LOA;LOA;Loyer agence            ;CNT;Contrat;
CNT LOC;LOC;Locations Mobilières    ;CNT;Contrat;
CNT LOD;LOD;Locations diverses      ;CNT;Contrat;
CNT LOS;LOS;Loyer siège             ;CNT;Contrat;
CNT LOY;LOY;Locations Immobilières  ;CNT;Contrat;
CNT LPG;LPG;Portes de garages       ;CNT;Contrat;
CNT LPO;LPO;Portail                 ;CNT;Contrat;
CNT LSC;LSC;Sortie contenaire       ;CNT;Contrat;
CNT LTL;LTL;Téléphone               ;CNT;Contrat;
CNT LTS;LTS;Télésurveillance        ;CNT;Contrat;
CNT LTT;LTT;Toitures terrasses      ;CNT;Contrat;
CNT LTV;LTV;Entretien Antennes TV   ;CNT;Contrat;
CNT LVM;LVM;Entretien V.M.C.        ;CNT;Contrat;
CNT LVS;LVS;Location de Vehicules   ;CNT;Contrat;
CNT MVS;MVS;Maintenance de Véhicules;CNT;Contrat;
CNT NEB;NEB;Nettoyage et Ent bureaux;CNT;Contrat;
CNT NET;NET;Nettoyage               ;CNT;Contrat;
CNT PAN;PAN;PANNEAUX SOLAIRES       ;CNT;Contrat;
CNT PBS;PBS;Plomberie sanitaire     ;CNT;Contrat;
CNT PER;PER;Permanence 24H/24       ;CNT;Contrat;
CNT PGB;PGB;Maintenance Parkings    ;CNT;Contrat;
CNT POA;POA;Porte automatique garage;CNT;Contrat;
CNT POR;POR;Pompe de relevage       ;CNT;Contrat;
CNT RAM;RAM;Ramonage                ;CNT;Contrat;
CNT ROB;ROB;Robinetterie            ;CNT;Contrat;
CNT SGE;SGE;Services generaux       ;CNT;Contrat;
CNT SLO;SLO;Location de matériel    ;CNT;Contrat;
CNT SML;SML;Maintenance logiciels   ;CNT;Contrat;
CNT SMT;SMT;Maintenance matériel    ;CNT;Contrat;
CNT SST;SST;Sous traitance          ;CNT;Contrat;
CNT SUR;SUR;Surveillance agent secur;CNT;Contrat;
CNT TCE;TCE;Tout corps d'état       ;CNT;Contrat;
CNT TEC;TEC;Maintenance Technique   ;CNT;Contrat;
CNT TEL;TEL;Télésurveillance        ;CNT;Contrat;
CNT TLA;TLA;Téléphone (autre)       ;CNT;Contrat;
CNT TLS;TLS;Télésurveillance        ;CNT;Contrat;
CNT TLV;TLV;Television              ;CNT;Contrat;
CNT TOM;TOM;TEOM                    ;CNT;Contrat;
CNT VIN;VIN;VINCI Autoroute         ;CNT;Contrat;
CNT VMC;VMC;VMC / extracteurs       ;CNT;Contrat;
MRC AML;AML;Amelioration            ;MRC;Marché;
MRC COM;COM;INTERDIT 2006 Composant ;MRC;Marché;
MRC CST;CST;Construction            ;MRC;Marché;
MRC GE ;GE ;Gros entretien          ;MRC;Marché;
MRC GI ;GI ;Plan de sécurité        ;MRC;Marché;
MRC GR ;GR ;Grosses réparation      ;MRC;Marché;
MRC HAM;HAM;Honoraires Amelioration ;MRC;Marché;
MRC HCS;HCS;Honoraires Construction ;MRC;Marché;
MRC HGE;HGE;Honoraires GE           ;MRC;Marché;
MRC HGR;HGR;Honoraires GR           ;MRC;Marché;
MRC HRE;HRE;Honoraires Rehabilitat. ;MRC;Marché;
MRC HSI;HSI;Sinistre honoraires     ;MRC;Marché;
MRC IFR;IFR;Marché immo composant   ;MRC;Marché;
MRC LAA;LAA;LCT Acq/Amélio travaux  ;MRC;Marché;
MRC LAH;LAH;LCT Acq/Amélio honoraire;MRC;Marché;
MRC LAM;LAM;LCT Amélioration travaux;MRC;Marché;
MRC LAN;LAN;LCT Amélioration honorai;MRC;Marché;
MRC LCH;LCH;LCT Cst neuve honoraires;MRC;Marché;
MRC LCN;LCN;LCT Const neuve travaux ;MRC;Marché;
MRC LDE;LDE;LCT Démolition travaux  ;MRC;Marché;
MRC LDH;LDH;LCT Démolition honoraire;MRC;Marché;
MRC LEX;LEX;LCT Marchés  travaux GE ;MRC;Marché;
MRC LRH;LRH;LCT Réhabilitat honorair;MRC;Marché;
MRC LRT;LRT;LCT Réhabilitat travaux ;MRC;Marché;
MRC LSI;LSI;LCT Marché sinistre     ;MRC;Marché;
MRC MBC;MBC;Marché à bon de commande;MRC;Marché;
MRC MCD;MCD;Marché à commandes      ;MRC;Marché;
MRC MCN;MCN;Marché à Cde Nettoyage  ;MRC;Marché;
MRC MCZ;MCZ;Marché à Cde PE REL     ;MRC;Marché;
MRC MIX;MIX;Marché Invest et Exploit;MRC;Marché;
MRC PGE;PGE;Ge entretien provision  ;MRC;Marché;
MRC REH;REH;Rehabilitation          ;MRC;Marché;
MRC SCM;SCM;REPRISE MRC COMPOSANT   ;MRC;Marché;
MRC SGE;SGE;REPRISE MRC GE          ;MRC;Marché;
MRC SIN;SIN;Sinistre                ;MRC;Marché;
MRC SMO;SMO;REPRISE MRC MARCHE WEB  ;MRC;Marché;
MRC SPG;SPG;REPRISE MRC PGE         ;MRC;Marché;
MRC ST1;ST1;Stock construct neuve   ;MRC;Marché;
MRC ST2;ST2;Stock sur acquisition   ;MRC;Marché;
MRC ST3;ST3;Stock construct neuve   ;MRC;Marché;
MRC STX;STX;Marché Opération Except ;MRC;Marché;
MRC TAA;TAA;LCT Acq/Amel travx   PPT;MRC;Marché;
MRC TAH;TAH;LCT Acq/amel hono    PPT;MRC;Marché;
MRC TAM;TAM;LCT Amel. travaux    PPT;MRC;Marché;
MRC TAN;TAN;LCT Amél. honor      PPT;MRC;Marché;
MRC TAV;TAV;LCT Acp/amel VRD     PPT;MRC;Marché;
MRC TDE;TDE;LCT Démolition trav. PPT;MRC;Marché;
MRC TDH;TDH;LCT Démolition honor PPT;MRC;Marché;
MRC TEX;TEX;LCT travaux GE       PPT;MRC;Marché;
MRC TRH;TRH;LCT Réhab honor      PPT;MRC;Marché;
MRC TRT;TRT;LCT Réhab travaux    PPT;MRC;Marché;
MRC WCO;WCO;DP : Marché Copro-Synd  ;MRC;Marché;
MRC WD1;WD1;DMO:marché sans RG hon  ;MRC;Marché;
MRC WD2;WD2;DAM : Marché travaux Web;MRC;Marché;
MRC WD3;WD3;DP : marché Web         ;MRC;Marché;
MRC WD4;WD4;DP : marché sans RG     ;MRC;Marché;
MRC WD5;WD5;DMO MRC  AMENAG SIEG DD ;MRC;Marché;
MRC WD6;WD6;GPRO: Marché travaux Web;MRC;Marché;
MRC WDM;WDM;DMO : Marché tvx web    ;MRC;Marché;
MRC WGE;WGE;Gros entretien          ;MRC;Marché;
MRC WGI;WGI;Plan de sécurité        ;MRC;Marché;
MRC WGR;WGR;Grosses reparations     ;MRC;Marché;
MRC WHA;WHA;Honoraires Amelioration ;MRC;Marché;
MRC WHC;WHC;Honoraires Construction ;MRC;Marché;
MRC WHE;WHE;Honoraires GE           ;MRC;Marché;
MRC WHH;WHH;Honoraires Rehabilitat. ;MRC;Marché;
MRC WHI;WHI;Sinistre honoraires     ;MRC;Marché;
MRC WHR;WHR;Honoraires GR           ;MRC;Marché;
MRC WIF;WIF;Marché immo comp Web    ;MRC;Marché;
MRC WIN;WIN;Sinistre                ;MRC;Marché;
MRC WIX;WIX;Marché Invest et Exploit;MRC;Marché;
MRC WML;WML;Amelioration            ;MRC;Marché;
MRC WPG;WPG;Ge entretien prov Web   ;MRC;Marché;
MRC WRH;WRH;Rehabilitation          ;MRC;Marché;
MRC WST;WST;Construction            ;MRC;Marché;
